{
  "marché de Foumbot": [
    5.5104365,
    10.6358922
  ],
  "Marché Central": [
    3.8663178,
    11.5178073
  ],
  "Marché Dakar": [
    7.3697,
    12.3547
  ],
  "Nkwen Market": [
    5.9613684,
    10.1690952
  ],
  "Food Market": [
    5.9863668,
    10.4355982
  ],
  "Petit Marché": [
    9.3100929,
    13.8767619
  ],
  "Marché de Casablanca": [
    7.3697,
    12.3547
  ],
  "Marché Mokolo": [
    3.8746905,
    11.5001933
  ],
  "Marché Abattoir": [
    7.3697,
    12.3547
  ],
  "Marché d'Essos": [
    3.8698386,
    11.5422597
  ],
  "Marché de Yelwa": [
    9.2935144,
    13.3879368
  ],
  "Marché d'acacia": [
    7.3697,
    12.3547
  ],
  "Marché 8ème": [
    3.8890345,
    11.4970879
  ],
  "Marché d'Acacia": [
    7.3697,
    12.3547
  ],
  "Marché du Mfoundi": [
    3.8627049,
    11.4783337
  ],
  "Marché de Bonassama": [
    4.0719333,
    9.6870203
  ],
  "Marché B": [
    5.4875672,
    10.4100963
  ],
  "Marché A": [
    5.444652,
    10.0547101
  ],
  "Marché Sandaga": [
    4.0614873,
    9.7025219
  ],
  "Main Market": [
    5.953744,
    10.1509258
  ],
  "Marché Mboppi": [
    4.0467991,
    9.7150433
  ],
  "Marché Gouro": [
    7.3697,
    12.3547
  ],
  "Marché de Cocody": [
    7.3697,
    12.3547
  ],
  "Marché de Gros": [
    7.3697,
    12.3547
  ],
  "Marché de Bamenda": [
    5.9685461,
    10.1433067
  ],
  "Marché de Bertoua": [
    4.5711803,
    13.6668173
  ],
  "Marché de Ngaoundéré": [
    7.3185585,
    13.5942319
  ],
  "Marché de Yaoundé": [
    3.8627049,
    11.4783337
  ],
  "Marché de Maroua": [
    10.4576593,
    14.240377
  ],
  "Marché de Buea": [
    4.1713152,
    9.2797714
  ],
  "Marché de Ebolowa": [
    2.9206461,
    11.152502
  ],
  "Marché de Bafoussam": [
    5.4725189,
    10.4759965
  ],
  "Marché de Garoua": [
    9.3062961,
    13.3983149
  ],
  "Marché de Douala": [
    4.0621999,
    9.7203616
  ]
}